{
  "project_info": {
    "project_number": "705465321060",
    "project_id": "cfr-app-a6a3b",
    "storage_bucket": "cfr-app-a6a3b.firebasestorage.app"
  },
  "client": [
    {
      "client_info": {
        "mobilesdk_app_id": "1:705465321060:android:32b2c59d1a52269e82c171",
        "android_client_info": {
          "package_name": "com.example.cfr_app"
        }
      },
      "oauth_client": [],
      "api_key": [
        {
          "current_key": "AIzaSyBqOqGd_sXaWgtuFUo0YdZOowoxjDkbzso"
        }
      ],
      "services": {
        "appinvite_service": {
          "other_platform_oauth_client": []
        }
      }
    }
  ],
  "configuration_version": "1"
}