{
	"info": {
		"_postman_id": "835d6714-8015-4574-9fd8-5288fce1fd38",
		"name": "SSC",
		"schema": "https://schema.getpostman.com/json/collection/v2.0.0/collection.json",
		"_exporter_id": "34281492"
	},
	"item": [
		{
			"name": "Auth",
			"item": [
				{
					"name": "Admin",
					"item": [
						{
							"name": "Register (Admin)",
							"event": [
								{
									"listen": "test",
									"script": {
										"exec": [
											"const response = pm.response.json();\r",
											"pm.globals.set(\"jwt_token_admin\", response.token);\r",
											""
										],
										"type": "text/javascript",
										"packages": {}
									}
								}
							],
							"request": {
								"method": "POST",
								"header": [
									{
										"key": "username",
										"value": "admin",
										"type": "text"
									},
									{
										"key": "email",
										"value": "admin@test.com",
										"type": "text"
									},
									{
										"key": "password",
										"value": "TestPassword123",
										"type": "text"
									},
									{
										"key": "admin",
										"value": "3c9de4f3b5ea2d81c7ba7ca7856c4a9d6c19f573986771729fbb1e14ce2b7e4b",
										"type": "text"
									}
								],
								"body": {
									"mode": "raw",
									"raw": "{\r\n    \"username\": \"admin\",\r\n    \"email\": \"admin@test.com\",\r\n    \"password\": \"TestPassword123\",\r\n    \"admin\": \"3c9de4f3b5ea2d81c7ba7ca7856c4a9d6c19f573986771729fbb1e14ce2b7e4b\"\r\n}",
									"options": {
										"raw": {
											"language": "json"
										}
									}
								},
								"url": "http://localhost:3000/api/auth/register"
							},
							"response": []
						},
						{
							"name": "Login (Admin)",
							"event": [
								{
									"listen": "test",
									"script": {
										"exec": [
											"const response = pm.response.json();\r",
											"pm.globals.set(\"jwt_token_admin\", response.token);\r",
											""
										],
										"type": "text/javascript",
										"packages": {}
									}
								}
							],
							"request": {
								"method": "POST",
								"header": [],
								"body": {
									"mode": "raw",
									"raw": "{\r\n    \"username\": \"admin\",\r\n    \"password\": \"TestPassword123\"\r\n}",
									"options": {
										"raw": {
											"language": "json"
										}
									}
								},
								"url": "http://localhost:3000/api/auth/login"
							},
							"response": []
						},
						{
							"name": "Get Users (Admin)",
							"request": {
								"auth": {
									"type": "bearer",
									"bearer": {
										"token": "{{jwt_token_admin}}"
									}
								},
								"method": "GET",
								"header": [],
								"url": "http://localhost:3000/api/users"
							},
							"response": []
						},
						{
							"name": "Get User By Id (Admin)",
							"request": {
								"auth": {
									"type": "bearer",
									"bearer": {
										"token": "{{jwt_token_admin}}"
									}
								},
								"method": "GET",
								"header": [],
								"url": "http://localhost:3000/api/users/1"
							},
							"response": []
						},
						{
							"name": "Create User (Admin)",
							"request": {
								"auth": {
									"type": "bearer",
									"bearer": {
										"token": "{{jwt_token_admin}}"
									}
								},
								"method": "POST",
								"header": [],
								"body": {
									"mode": "raw",
									"raw": "{\r\n    \"username\": \"test123\",\r\n    \"email\": \"test@test.com\",\r\n    \"password\": \"AnotherPassword123\"\r\n}",
									"options": {
										"raw": {
											"language": "json"
										}
									}
								},
								"url": "http://localhost:3000/api/users"
							},
							"response": []
						},
						{
							"name": "Update User By Id (Admin)",
							"request": {
								"auth": {
									"type": "bearer",
									"bearer": {
										"token": "{{jwt_token_admin}}"
									}
								},
								"method": "PUT",
								"header": [],
								"body": {
									"mode": "raw",
									"raw": "{\r\n    \"username\": \"test1234\",\r\n    \"email\": \"test@test.com\",\r\n    \"password\": \"AnotherPassword1234\"\r\n}",
									"options": {
										"raw": {
											"language": "json"
										}
									}
								},
								"url": "http://localhost:3000/api/users/3"
							},
							"response": []
						},
						{
							"name": "Delete User By Id (Admin)",
							"request": {
								"auth": {
									"type": "bearer",
									"bearer": {
										"token": "{{jwt_token_admin}}"
									}
								},
								"method": "DELETE",
								"header": [],
								"url": "http://localhost:3000/api/users/3"
							},
							"response": []
						}
					]
				},
				{
					"name": "User",
					"item": [
						{
							"name": "Register",
							"event": [
								{
									"listen": "test",
									"script": {
										"exec": [
											"const response = pm.response.json();\r",
											"pm.globals.set(\"jwt_token\", response.token);\r",
											""
										],
										"type": "text/javascript",
										"packages": {}
									}
								}
							],
							"request": {
								"auth": {
									"type": "noauth"
								},
								"method": "POST",
								"header": [],
								"body": {
									"mode": "raw",
									"raw": "{\r\n    \"username\": \"dima123\",\r\n    \"email\": \"dima@test.com\",\r\n    \"password\": \"TestPassword123\"\r\n}",
									"options": {
										"raw": {
											"language": "json"
										}
									}
								},
								"url": "http://localhost:3000/api/auth/register"
							},
							"response": []
						},
						{
							"name": "Login",
							"event": [
								{
									"listen": "test",
									"script": {
										"exec": [
											"const response = pm.response.json();\r",
											"pm.globals.set(\"jwt_token\", response.token);\r",
											""
										],
										"type": "text/javascript",
										"packages": {}
									}
								}
							],
							"request": {
								"method": "POST",
								"header": [],
								"body": {
									"mode": "raw",
									"raw": "{\r\n    \"username\": \"dima123\",\r\n    \"password\": \"TestPassword123\"\r\n}",
									"options": {
										"raw": {
											"language": "json"
										}
									}
								},
								"url": "http://localhost:3000/api/auth/login"
							},
							"response": []
						}
					]
				}
			]
		},
		{
			"name": "Trains",
			"item": [
				{
					"name": "Get Train Routes",
					"request": {
						"auth": {
							"type": "bearer",
							"bearer": {
								"token": "{{jwt_token}}"
							}
						},
						"method": "GET",
						"header": [],
						"url": "http://localhost:3000/api/train-routes"
					},
					"response": []
				},
				{
					"name": "Get Train Routes By Id",
					"request": {
						"auth": {
							"type": "bearer",
							"bearer": {
								"token": "{{jwt_token}}"
							}
						},
						"method": "GET",
						"header": [],
						"url": "http://localhost:3000/api/train-routes/1"
					},
					"response": []
				},
				{
					"name": "Get Train Routes By Train Id",
					"request": {
						"auth": {
							"type": "bearer",
							"bearer": {
								"token": "{{jwt_token}}"
							}
						},
						"method": "GET",
						"header": [],
						"url": "http://localhost:3000/api/train-routes/train/IR1741"
					},
					"response": []
				},
				{
					"name": "Get Trains Routes by Stations",
					"request": {
						"auth": {
							"type": "bearer",
							"bearer": {
								"token": "{{jwt_token}}"
							}
						},
						"method": "GET",
						"header": [],
						"url": {
							"raw": "http://localhost:3000/api/train-routes/search?from=București Nord&to=Iași",
							"protocol": "http",
							"host": [
								"localhost"
							],
							"port": "3000",
							"path": [
								"api",
								"train-routes",
								"search"
							],
							"query": [
								{
									"key": "from",
									"value": "București Nord"
								},
								{
									"key": "to",
									"value": "Iași"
								}
							]
						}
					},
					"response": []
				},
				{
					"name": "Update Train Route by Id",
					"request": {
						"auth": {
							"type": "bearer",
							"bearer": {
								"token": "{{jwt_token_admin}}"
							}
						},
						"method": "PUT",
						"header": [],
						"body": {
							"mode": "raw",
							"raw": "{\r\n    \"train_id\": \"R1234\",\r\n    \"departure_time\": \"07:30\",\r\n    \"arrival_time\": \"10:15\",\r\n    \"station_from\": \"Iași\",\r\n    \"station_to\": \"Timișoara\"\r\n}",
							"options": {
								"raw": {
									"language": "json"
								}
							}
						},
						"url": "http://localhost:3000/api/train-routes/121"
					},
					"response": []
				},
				{
					"name": "Delete Train Route By Id",
					"request": {
						"auth": {
							"type": "bearer",
							"bearer": {
								"token": "{{jwt_token_admin}}"
							}
						},
						"method": "DELETE",
						"header": [],
						"url": "http://localhost:3000/api/train-routes/121"
					},
					"response": []
				},
				{
					"name": "Create Train Route",
					"request": {
						"auth": {
							"type": "bearer",
							"bearer": {
								"token": "{{jwt_token_admin}}"
							}
						},
						"method": "POST",
						"header": [],
						"body": {
							"mode": "raw",
							"raw": "{\r\n    \"train_id\": \"R1234\",\r\n    \"departure_time\": \"07:30\",\r\n    \"arrival_time\": \"10:15\",\r\n    \"station_from\": \"Iași\",\r\n    \"station_to\": \"Botoșani\"\r\n}",
							"options": {
								"raw": {
									"language": "json"
								}
							}
						},
						"url": "http://localhost:3000/api/train-routes"
					},
					"response": []
				}
			]
		}
	],
	"event": [
		{
			"listen": "prerequest",
			"script": {
				"type": "text/javascript",
				"packages": {},
				"exec": [
					""
				]
			}
		},
		{
			"listen": "test",
			"script": {
				"type": "text/javascript",
				"packages": {},
				"exec": [
					""
				]
			}
		}
	]
}